{"loss": 0.174531951546669, "_timestamp": 1668694873.8668191, "_runtime": 9251.701312065125, "_step": 70278, "PSNR": 29.629949228413704, "SSIM": 0.8072151389297343, "EMD": 0.0024937987327575684, "NRMS": 0.03798439935197014, "_wandb": {"runtime": 9266}}