{"loss": 0.003935109358280897, "_timestamp": 1670938706.6029325, "_runtime": 9948.03912949562, "_step": 51499, "precision": 0.6118969917297363, "recall": 0.004910694435238838, "F1_score": 0.00973527692258358, "_wandb": {"runtime": 9948}}