{"loss": 0.00037406399496831, "_timestamp": 1670938984.732449, "_runtime": 4637.4359130859375, "_step": 51499, "precision": 0.0, "recall": 0.0, "F1_score": 0.0, "_wandb": {"runtime": 4637}}